{"@class":"app.Task","ownCS":{"min":{"x":-10.0,"y":-10.0},"max":{"x":10.0,"y":10.0}},"triangles":[{"peaks":[{"x":-3.6416184971098264,"y":-1.8996415770609314},{"x":-0.28901734104046284,"y":8.207885304659499},{"x":6.0693641618497125,"y":-3.655913978494624}],"S":52.0210495783869}],"beams":[{"peaks":[{"x":-5.722543352601156,"y":-1.4336917562724008},{"x":6.76300578034682,"y":0.9318996415770613}]}],"indexTriangle":0,"indexBeam":0,"maxS":9.308,"solved":true}